--
-- PostgreSQL database dump
--

-- Dumped from database version 9.2.3
-- Dumped by pg_dump version 9.2.3
-- Started on 2015-11-05 15:42:12

SET statement_timeout = 0;
SET client_encoding = 'UTF8';
SET standard_conforming_strings = on;
SET check_function_bodies = false;
SET client_min_messages = warning;

--
-- TOC entry 188 (class 3079 OID 11727)
-- Name: plpgsql; Type: EXTENSION; Schema: -; Owner: 
--

CREATE EXTENSION IF NOT EXISTS plpgsql WITH SCHEMA pg_catalog;


--
-- TOC entry 2040 (class 0 OID 0)
-- Dependencies: 188
-- Name: EXTENSION plpgsql; Type: COMMENT; Schema: -; Owner: 
--

COMMENT ON EXTENSION plpgsql IS 'PL/pgSQL procedural language';


SET search_path = public, pg_catalog;

SET default_tablespace = '';

SET default_with_oids = false;

--
-- TOC entry 168 (class 1259 OID 33015)
-- Name: actividades; Type: TABLE; Schema: public; Owner: postgres; Tablespace: 
--

CREATE TABLE actividades (
    codactividad integer NOT NULL,
    nombre character varying(100) NOT NULL,
    descripcion text NOT NULL,
    responsable character varying(100) NOT NULL,
    valoracion integer,
    coddocente integer,
    codtipo integer,
    horas double precision
);


ALTER TABLE public.actividades OWNER TO postgres;

--
-- TOC entry 169 (class 1259 OID 33021)
-- Name: actividades_codactividad_seq; Type: SEQUENCE; Schema: public; Owner: postgres
--

CREATE SEQUENCE actividades_codactividad_seq
    START WITH 1
    INCREMENT BY 1
    NO MINVALUE
    NO MAXVALUE
    CACHE 1;


ALTER TABLE public.actividades_codactividad_seq OWNER TO postgres;

--
-- TOC entry 2041 (class 0 OID 0)
-- Dependencies: 169
-- Name: actividades_codactividad_seq; Type: SEQUENCE OWNED BY; Schema: public; Owner: postgres
--

ALTER SEQUENCE actividades_codactividad_seq OWNED BY actividades.codactividad;


--
-- TOC entry 170 (class 1259 OID 33023)
-- Name: clases; Type: TABLE; Schema: public; Owner: postgres; Tablespace: 
--

CREATE TABLE clases (
    codclase integer NOT NULL,
    dia integer NOT NULL,
    nombre character varying(100) NOT NULL,
    coddocente integer,
    codconvencion integer,
    horainicio date,
    horafinal date
);


ALTER TABLE public.clases OWNER TO postgres;

--
-- TOC entry 171 (class 1259 OID 33026)
-- Name: clases_codclase_seq; Type: SEQUENCE; Schema: public; Owner: postgres
--

CREATE SEQUENCE clases_codclase_seq
    START WITH 1
    INCREMENT BY 1
    NO MINVALUE
    NO MAXVALUE
    CACHE 1;


ALTER TABLE public.clases_codclase_seq OWNER TO postgres;

--
-- TOC entry 2042 (class 0 OID 0)
-- Dependencies: 171
-- Name: clases_codclase_seq; Type: SEQUENCE OWNED BY; Schema: public; Owner: postgres
--

ALTER SEQUENCE clases_codclase_seq OWNED BY clases.codclase;


--
-- TOC entry 172 (class 1259 OID 33028)
-- Name: convenciones; Type: TABLE; Schema: public; Owner: postgres; Tablespace: 
--

CREATE TABLE convenciones (
    codconvencion integer NOT NULL,
    nombre character varying(50) NOT NULL,
    color character varying(45) NOT NULL
);


ALTER TABLE public.convenciones OWNER TO postgres;

--
-- TOC entry 173 (class 1259 OID 33031)
-- Name: convenciones_codconvencion_seq; Type: SEQUENCE; Schema: public; Owner: postgres
--

CREATE SEQUENCE convenciones_codconvencion_seq
    START WITH 1
    INCREMENT BY 1
    NO MINVALUE
    NO MAXVALUE
    CACHE 1;


ALTER TABLE public.convenciones_codconvencion_seq OWNER TO postgres;

--
-- TOC entry 2043 (class 0 OID 0)
-- Dependencies: 173
-- Name: convenciones_codconvencion_seq; Type: SEQUENCE OWNED BY; Schema: public; Owner: postgres
--

ALTER SEQUENCE convenciones_codconvencion_seq OWNED BY convenciones.codconvencion;


--
-- TOC entry 174 (class 1259 OID 33033)
-- Name: docentes; Type: TABLE; Schema: public; Owner: postgres; Tablespace: 
--

CREATE TABLE docentes (
    cedula integer NOT NULL,
    apellidos character varying(100) NOT NULL,
    nombres character varying(100) NOT NULL,
    codigo character varying(50),
    facultad integer,
    formacion text,
    direccion character varying(100),
    telefono character varying(50),
    correo character varying(100),
    unidadacademica character varying(200),
    semestre character varying(50)
);


ALTER TABLE public.docentes OWNER TO postgres;

--
-- TOC entry 175 (class 1259 OID 33039)
-- Name: docentes_cedula_seq; Type: SEQUENCE; Schema: public; Owner: postgres
--

CREATE SEQUENCE docentes_cedula_seq
    START WITH 1
    INCREMENT BY 1
    NO MINVALUE
    NO MAXVALUE
    CACHE 1;


ALTER TABLE public.docentes_cedula_seq OWNER TO postgres;

--
-- TOC entry 2044 (class 0 OID 0)
-- Dependencies: 175
-- Name: docentes_cedula_seq; Type: SEQUENCE OWNED BY; Schema: public; Owner: postgres
--

ALTER SEQUENCE docentes_cedula_seq OWNED BY docentes.cedula;


--
-- TOC entry 176 (class 1259 OID 33041)
-- Name: evaluaciones; Type: TABLE; Schema: public; Owner: postgres; Tablespace: 
--

CREATE TABLE evaluaciones (
    coddoc integer,
    codprod integer,
    calificacion double precision NOT NULL,
    codeva integer NOT NULL,
    CONSTRAINT ck_eva CHECK (((calificacion >= (0.0)::double precision) AND (calificacion <= (5.0)::double precision)))
);


ALTER TABLE public.evaluaciones OWNER TO postgres;

--
-- TOC entry 177 (class 1259 OID 33045)
-- Name: evaluaciones_codeva_seq; Type: SEQUENCE; Schema: public; Owner: postgres
--

CREATE SEQUENCE evaluaciones_codeva_seq
    START WITH 1
    INCREMENT BY 1
    NO MINVALUE
    NO MAXVALUE
    CACHE 1;


ALTER TABLE public.evaluaciones_codeva_seq OWNER TO postgres;

--
-- TOC entry 2045 (class 0 OID 0)
-- Dependencies: 177
-- Name: evaluaciones_codeva_seq; Type: SEQUENCE OWNED BY; Schema: public; Owner: postgres
--

ALTER SEQUENCE evaluaciones_codeva_seq OWNED BY evaluaciones.codeva;


--
-- TOC entry 178 (class 1259 OID 33047)
-- Name: fechaseguimientos; Type: TABLE; Schema: public; Owner: postgres; Tablespace: 
--

CREATE TABLE fechaseguimientos (
    codfechseg integer NOT NULL,
    fechainicio date NOT NULL,
    fechafin date NOT NULL,
    codact integer,
    hora integer
);


ALTER TABLE public.fechaseguimientos OWNER TO postgres;

--
-- TOC entry 179 (class 1259 OID 33050)
-- Name: fechaseguimientos_codfechseg_seq; Type: SEQUENCE; Schema: public; Owner: postgres
--

CREATE SEQUENCE fechaseguimientos_codfechseg_seq
    START WITH 1
    INCREMENT BY 1
    NO MINVALUE
    NO MAXVALUE
    CACHE 1;


ALTER TABLE public.fechaseguimientos_codfechseg_seq OWNER TO postgres;

--
-- TOC entry 2046 (class 0 OID 0)
-- Dependencies: 179
-- Name: fechaseguimientos_codfechseg_seq; Type: SEQUENCE OWNED BY; Schema: public; Owner: postgres
--

ALTER SEQUENCE fechaseguimientos_codfechseg_seq OWNED BY fechaseguimientos.codfechseg;


--
-- TOC entry 180 (class 1259 OID 33052)
-- Name: horas; Type: TABLE; Schema: public; Owner: postgres; Tablespace: 
--

CREATE TABLE horas (
    codhora integer NOT NULL,
    hora character varying(45) NOT NULL
);


ALTER TABLE public.horas OWNER TO postgres;

--
-- TOC entry 181 (class 1259 OID 33055)
-- Name: horas_codhora_seq; Type: SEQUENCE; Schema: public; Owner: postgres
--

CREATE SEQUENCE horas_codhora_seq
    START WITH 1
    INCREMENT BY 1
    NO MINVALUE
    NO MAXVALUE
    CACHE 1;


ALTER TABLE public.horas_codhora_seq OWNER TO postgres;

--
-- TOC entry 2047 (class 0 OID 0)
-- Dependencies: 181
-- Name: horas_codhora_seq; Type: SEQUENCE OWNED BY; Schema: public; Owner: postgres
--

ALTER SEQUENCE horas_codhora_seq OWNED BY horas.codhora;


--
-- TOC entry 182 (class 1259 OID 33057)
-- Name: permisos; Type: TABLE; Schema: public; Owner: postgres; Tablespace: 
--

CREATE TABLE permisos (
    codpermiso integer NOT NULL,
    usuario character varying(100) NOT NULL,
    clave character(255) NOT NULL,
    rol character varying(100) NOT NULL
);


ALTER TABLE public.permisos OWNER TO postgres;

--
-- TOC entry 183 (class 1259 OID 33060)
-- Name: permisos_codpermiso_seq; Type: SEQUENCE; Schema: public; Owner: postgres
--

CREATE SEQUENCE permisos_codpermiso_seq
    START WITH 1
    INCREMENT BY 1
    NO MINVALUE
    NO MAXVALUE
    CACHE 1;


ALTER TABLE public.permisos_codpermiso_seq OWNER TO postgres;

--
-- TOC entry 2048 (class 0 OID 0)
-- Dependencies: 183
-- Name: permisos_codpermiso_seq; Type: SEQUENCE OWNED BY; Schema: public; Owner: postgres
--

ALTER SEQUENCE permisos_codpermiso_seq OWNED BY permisos.codpermiso;


--
-- TOC entry 184 (class 1259 OID 33062)
-- Name: productos; Type: TABLE; Schema: public; Owner: postgres; Tablespace: 
--

CREATE TABLE productos (
    codproducto integer NOT NULL,
    fechacompromiso date,
    fechaentrega date,
    comentarios text,
    codact integer NOT NULL,
    descripcion character varying(300)
);


ALTER TABLE public.productos OWNER TO postgres;

--
-- TOC entry 185 (class 1259 OID 33068)
-- Name: productos_codproducto_seq; Type: SEQUENCE; Schema: public; Owner: postgres
--

CREATE SEQUENCE productos_codproducto_seq
    START WITH 1
    INCREMENT BY 1
    NO MINVALUE
    NO MAXVALUE
    CACHE 1;


ALTER TABLE public.productos_codproducto_seq OWNER TO postgres;

--
-- TOC entry 2049 (class 0 OID 0)
-- Dependencies: 185
-- Name: productos_codproducto_seq; Type: SEQUENCE OWNED BY; Schema: public; Owner: postgres
--

ALTER SEQUENCE productos_codproducto_seq OWNED BY productos.codproducto;


--
-- TOC entry 186 (class 1259 OID 33070)
-- Name: tipomodalidades; Type: TABLE; Schema: public; Owner: postgres; Tablespace: 
--

CREATE TABLE tipomodalidades (
    codtipo integer NOT NULL,
    nombre character varying(100) NOT NULL
);


ALTER TABLE public.tipomodalidades OWNER TO postgres;

--
-- TOC entry 187 (class 1259 OID 33073)
-- Name: tipomodalidades_codtipo_seq; Type: SEQUENCE; Schema: public; Owner: postgres
--

CREATE SEQUENCE tipomodalidades_codtipo_seq
    START WITH 1
    INCREMENT BY 1
    NO MINVALUE
    NO MAXVALUE
    CACHE 1;


ALTER TABLE public.tipomodalidades_codtipo_seq OWNER TO postgres;

--
-- TOC entry 2050 (class 0 OID 0)
-- Dependencies: 187
-- Name: tipomodalidades_codtipo_seq; Type: SEQUENCE OWNED BY; Schema: public; Owner: postgres
--

ALTER SEQUENCE tipomodalidades_codtipo_seq OWNED BY tipomodalidades.codtipo;


--
-- TOC entry 1973 (class 2604 OID 33075)
-- Name: codactividad; Type: DEFAULT; Schema: public; Owner: postgres
--

ALTER TABLE ONLY actividades ALTER COLUMN codactividad SET DEFAULT nextval('actividades_codactividad_seq'::regclass);


--
-- TOC entry 1974 (class 2604 OID 33076)
-- Name: codclase; Type: DEFAULT; Schema: public; Owner: postgres
--

ALTER TABLE ONLY clases ALTER COLUMN codclase SET DEFAULT nextval('clases_codclase_seq'::regclass);


--
-- TOC entry 1975 (class 2604 OID 33077)
-- Name: codconvencion; Type: DEFAULT; Schema: public; Owner: postgres
--

ALTER TABLE ONLY convenciones ALTER COLUMN codconvencion SET DEFAULT nextval('convenciones_codconvencion_seq'::regclass);


--
-- TOC entry 1976 (class 2604 OID 33078)
-- Name: cedula; Type: DEFAULT; Schema: public; Owner: postgres
--

ALTER TABLE ONLY docentes ALTER COLUMN cedula SET DEFAULT nextval('docentes_cedula_seq'::regclass);


--
-- TOC entry 1977 (class 2604 OID 33079)
-- Name: codeva; Type: DEFAULT; Schema: public; Owner: postgres
--

ALTER TABLE ONLY evaluaciones ALTER COLUMN codeva SET DEFAULT nextval('evaluaciones_codeva_seq'::regclass);


--
-- TOC entry 1979 (class 2604 OID 33080)
-- Name: codfechseg; Type: DEFAULT; Schema: public; Owner: postgres
--

ALTER TABLE ONLY fechaseguimientos ALTER COLUMN codfechseg SET DEFAULT nextval('fechaseguimientos_codfechseg_seq'::regclass);


--
-- TOC entry 1980 (class 2604 OID 33081)
-- Name: codhora; Type: DEFAULT; Schema: public; Owner: postgres
--

ALTER TABLE ONLY horas ALTER COLUMN codhora SET DEFAULT nextval('horas_codhora_seq'::regclass);


--
-- TOC entry 1981 (class 2604 OID 33082)
-- Name: codpermiso; Type: DEFAULT; Schema: public; Owner: postgres
--

ALTER TABLE ONLY permisos ALTER COLUMN codpermiso SET DEFAULT nextval('permisos_codpermiso_seq'::regclass);


--
-- TOC entry 1982 (class 2604 OID 33083)
-- Name: codproducto; Type: DEFAULT; Schema: public; Owner: postgres
--

ALTER TABLE ONLY productos ALTER COLUMN codproducto SET DEFAULT nextval('productos_codproducto_seq'::regclass);


--
-- TOC entry 1983 (class 2604 OID 33084)
-- Name: codtipo; Type: DEFAULT; Schema: public; Owner: postgres
--

ALTER TABLE ONLY tipomodalidades ALTER COLUMN codtipo SET DEFAULT nextval('tipomodalidades_codtipo_seq'::regclass);


--
-- TOC entry 2013 (class 0 OID 33015)
-- Dependencies: 168
-- Data for Name: actividades; Type: TABLE DATA; Schema: public; Owner: postgres
--

COPY actividades (codactividad, nombre, descripcion, responsable, valoracion, coddocente, codtipo, horas) FROM stdin;
19	Capacitación a Docentes en la línea de desarrollo softwre	Capacitación a los docentes: Luz E. Gutiérrez L. y Johanna M. Suárez Pedraza	Coordinador de Sistemas	0	73167775	4	4
18	Elaboración Artículo de Computación en la Nube	Escribir artículo de investigación para publicación	Director Investigaciones	0	73167775	5	6
26	Orientacion de la asignatura X	Asignatura de codigo FCN001, salon A001	Coordinador de Sistemas	0	109877	1	\N
27	prueba	gfd	Coordinador de Sistemas	0	109877	5	\N
12	Orientación de clase - Programación Web	TSI013. Grupo D191; Mart SINF: XII(15:00)	Coordinador de Sistemas	0	73167775	1	4
13	Orientación de clase - Programación Web	TSI013. Grupo D192; Juev SINF: VII(15:00)	Coordinador de Sistemas	0	73167775	1	4
15	Orientación de clase - Programación Web	TSI013. Grupo E192; Mart SINF: XVI(18:30)	Coordinador de Sistemas	0	73167775	1	4
14	Orientación de clase - Programación Web	TSI013. Grupo E191; Mier SINF: XII(18:00)	Coordinador de Sistemas	0	73167775	1	4
17	Preparación de Clases	Diseño y evaluación de guías de estudio	Coordinador de Sistemas	0	73167775	1	4
16	Orientación de clase - Desarrollo de Aplicaiones Empresariales	TSI016. Grupo E193	Coordinador de Sistemas	0	73167775	1	6
25	Estudios de Doctorado en Ingeniería - Universidad Pontificia Bolivariana(Movilidad UIS)	Cursar las asignaturas del semestre del doctorado	Director ODA	0	73167775	4	4
24	Participación Comité Curricular TSI	Participar en comités para decidir temas de la carrera	Coordinador de Sistemas	0	73167775	4	2
23	Revisión temas y propuestas Comité Trabajos de Grado	Revisión de temas, propuestas e informes finales de los proyectos presentados en el Comité de Trabajos de Grado	Coordinador de Sistemas	0	73167775	4	2.3300000000000001
22	Participación Comité Trabajos de Grado TSI	Participar en comités para decidir temas, evaluadores y dictaminar evaluaciones	Coordinador de Sistemas	0	73167775	4	2
20	Tutorías a estudiantes	Asignaturas: POO, Programación en Java y Desarrollo de Aplicaciones Empresariales	Director ODA	0	73167775	4	3
21	Orientación de Trabajos de Grado TSI	Orientar trabajos de TSI modalidad investigación	Coordinador de Sistemas	0	73167775	4	4
\.


--
-- TOC entry 2051 (class 0 OID 0)
-- Dependencies: 169
-- Name: actividades_codactividad_seq; Type: SEQUENCE SET; Schema: public; Owner: postgres
--

SELECT pg_catalog.setval('actividades_codactividad_seq', 28, true);


--
-- TOC entry 2015 (class 0 OID 33023)
-- Dependencies: 170
-- Data for Name: clases; Type: TABLE DATA; Schema: public; Owner: postgres
--

COPY clases (codclase, dia, nombre, coddocente, codconvencion, horainicio, horafinal) FROM stdin;
21	1	Preparación de Clases	73167775	16	\N	\N
12	1	Capacitación a Docentes	73167775	21	\N	\N
22	1	Capacitación a Docentes	73167775	21	\N	\N
17	1	Comité Trabajos Grado	73167775	25	\N	\N
20	1	DAE ED B SINF: XII E193	73167775	15	\N	\N
23	2	Programacion Web ED B SINF: XII D191	73167775	15	\N	\N
24	2	Programacion Web ED B SINF: XVI E192	73167775	15	\N	\N
25	3	Artículo	73167775	24	\N	\N
26	3	Orientación de Trabajos de Grado TSI	73167775	25	\N	\N
27	3	Programacion Web ED B SINF: XII E191	73167775	15	\N	\N
28	4	Preparación de Clases	73167775	16	\N	\N
29	4	Artículo	73167775	24	\N	\N
30	4	Programa	73167775	25	\N	\N
31	4	Programación Web ED B SINF: VIII D192	73167775	15	\N	\N
32	4	DAE dirigido ED C: 503	73167775	15	\N	\N
33	5	Doctorado Ingeniería UPB Doctorado	73167775	22	\N	\N
34	5	Comité Curricular	73167775	25	\N	\N
35	5	Programa	73167775	25	\N	\N
36	5	Tutorías	73167775	25	\N	\N
37	3	ytrds	109877	15	\N	\N
39	1	sdfsfsf	109877	16	1969-12-31	2015-11-17
40	1	sdfsfsf	109877	16	1969-12-31	2015-11-17
41	1	asdasdasd	109877	16	1969-12-31	2015-11-04
42	1	asdasdasd	109877	16	1969-12-31	2015-11-04
43	3	dssdfsdf	109877	16	1969-12-31	2015-11-15
\.


--
-- TOC entry 2052 (class 0 OID 0)
-- Dependencies: 171
-- Name: clases_codclase_seq; Type: SEQUENCE SET; Schema: public; Owner: postgres
--

SELECT pg_catalog.setval('clases_codclase_seq', 43, true);


--
-- TOC entry 2017 (class 0 OID 33028)
-- Dependencies: 172
-- Data for Name: convenciones; Type: TABLE DATA; Schema: public; Owner: postgres
--

COPY convenciones (codconvencion, nombre, color) FROM stdin;
15	Orientación de Clases	#2B4E04
16	Preparación de Clases	#82A857
17	Revisión Curricular	#916AA4
19	Proyecto PAD	#EE6D04
20	Actividades OACA	#DB8787
21	Capacitación a Docentes	#761C1C
22	Participación en Capacitación	#847334
23	Actividades Proyección Social	#F5CFAA
24	Actividades Investigación	#0D80AE
25	Otros	#39C4FB
18	Reunión Equipo ODA	#4B1E60
\.


--
-- TOC entry 2053 (class 0 OID 0)
-- Dependencies: 173
-- Name: convenciones_codconvencion_seq; Type: SEQUENCE SET; Schema: public; Owner: postgres
--

SELECT pg_catalog.setval('convenciones_codconvencion_seq', 29, true);


--
-- TOC entry 2019 (class 0 OID 33033)
-- Dependencies: 174
-- Data for Name: docentes; Type: TABLE DATA; Schema: public; Owner: postgres
--

COPY docentes (cedula, apellidos, nombres, codigo, facultad, formacion, direccion, telefono, correo, unidadacademica, semestre) FROM stdin;
73167775	Guerrero Alarcón	Carlos Andrés		1	Ingeniero de Sistemas\r\nEspecialista en Seguridad Informática\r\nMagíster en Informática\r\nDoctor en Ingeniería(Candidato)	Suite Cañaveral, Condominio 506 #14-54	3017900437	anguerrco@msn.com	Tecnología en Desarollo de Sistemas Informáticos	II-2015
109877	cala	sandy		1	Estudiante	calle 2 A N # 11-10	3157281523	paulin-206@hotmail.com	Tecnología en Desarollo de Sistemas Informáticos	II-2015
\.


--
-- TOC entry 2054 (class 0 OID 0)
-- Dependencies: 175
-- Name: docentes_cedula_seq; Type: SEQUENCE SET; Schema: public; Owner: postgres
--

SELECT pg_catalog.setval('docentes_cedula_seq', 1, false);


--
-- TOC entry 2021 (class 0 OID 33041)
-- Dependencies: 176
-- Data for Name: evaluaciones; Type: TABLE DATA; Schema: public; Owner: postgres
--

COPY evaluaciones (coddoc, codprod, calificacion, codeva) FROM stdin;
73167775	19	2.4000000953674316	4
73167775	15	3	1
73167775	19	4	2
109877	22	2	3
\.


--
-- TOC entry 2055 (class 0 OID 0)
-- Dependencies: 177
-- Name: evaluaciones_codeva_seq; Type: SEQUENCE SET; Schema: public; Owner: postgres
--

SELECT pg_catalog.setval('evaluaciones_codeva_seq', 8, true);


--
-- TOC entry 2023 (class 0 OID 33047)
-- Dependencies: 178
-- Data for Name: fechaseguimientos; Type: TABLE DATA; Schema: public; Owner: postgres
--

COPY fechaseguimientos (codfechseg, fechainicio, fechafin, codact, hora) FROM stdin;
\.


--
-- TOC entry 2056 (class 0 OID 0)
-- Dependencies: 179
-- Name: fechaseguimientos_codfechseg_seq; Type: SEQUENCE SET; Schema: public; Owner: postgres
--

SELECT pg_catalog.setval('fechaseguimientos_codfechseg_seq', 8, true);


--
-- TOC entry 2025 (class 0 OID 33052)
-- Dependencies: 180
-- Data for Name: horas; Type: TABLE DATA; Schema: public; Owner: postgres
--

COPY horas (codhora, hora) FROM stdin;
2	6:00 am
3	 6:45 am
4	7:30 am
5	8:15 am
6	9:00 am
7	9:45 am
8	10:30 am
9	11:15 am
10	12:00 am
11	12:45 pm
12	1:30 pm
13	2:15 pm
14	3:00 pm
15	3:45pm
16	4:30 pm
17	5:15 pm
22	6:00 pm
18	6:30 pm
19	7:15 pm
23	8:00 pm
20	8:15 pm
21	9:00 pm
24	9:45 pm
\.


--
-- TOC entry 2057 (class 0 OID 0)
-- Dependencies: 181
-- Name: horas_codhora_seq; Type: SEQUENCE SET; Schema: public; Owner: postgres
--

SELECT pg_catalog.setval('horas_codhora_seq', 25, true);


--
-- TOC entry 2027 (class 0 OID 33057)
-- Dependencies: 182
-- Data for Name: permisos; Type: TABLE DATA; Schema: public; Owner: postgres
--

COPY permisos (codpermiso, usuario, clave, rol) FROM stdin;
2	admin	7b81eb727ed48055fa55c5e03aaa43f27b01bd9b1c8eb38f37a1ca541a79c1f7                                                                                                                                                                                               	administrador
3	eva123	55c8079ac96c6a4f6a94e3460c79e4006d62374cce6e9fc8b281938a3abc7627                                                                                                                                                                                               	evaluador
10	109877	8d969eef6ecad3c29a3a629280e686cf0c3f5d5a86aff3ca12020c923adc6c92                                                                                                                                                                                               	docente
11	73167775	13671077b66a29874a2578b5240319092ef2a1043228e433e9b006b5e53e7513                                                                                                                                                                                               	docente
\.


--
-- TOC entry 2058 (class 0 OID 0)
-- Dependencies: 183
-- Name: permisos_codpermiso_seq; Type: SEQUENCE SET; Schema: public; Owner: postgres
--

SELECT pg_catalog.setval('permisos_codpermiso_seq', 11, true);


--
-- TOC entry 2029 (class 0 OID 33062)
-- Dependencies: 184
-- Data for Name: productos; Type: TABLE DATA; Schema: public; Owner: postgres
--

COPY productos (codproducto, fechacompromiso, fechaentrega, comentarios, codact, descripcion) FROM stdin;
18	2015-11-30	\N		17	Plan de aula actualizado de las asignaturas: Programación Web y Desarrollo de Aplicaciones Empresariales
7	2015-11-30	\N		12	Documento Plan de aula TSI013, grupo D191 y Acta final de notas TSI101 grupos D191
8	2015-11-30	\N		13	Documento Plan de aula TSI013, grupo D192 y Acta final de notas TSI101 grupos D192
9	2015-11-30	\N		14	Documento Plan de aula TSI013, grupo E191 y Acta final de notas TSI101 grupos E191
10	2015-11-30	\N		15	Documento Plan de aula TSI013, grupo E192 y Acta final de notas TSI101 grupos E192
11	2015-11-30	\N		16	Documento Plan de aula TSI016, grupo E193 y Acta final de notas TSI016 grupos E193
12	2015-11-30	\N		18	Evidencias(Guías de estudio, parciales y otros)
14	2015-11-30	\N		20	Temas, propuestas e informes fnales revisados de los proyectos a cargo
16	2015-11-30	\N		22	Actas Comités Trabajos de Grado TSI
17	2015-12-12	\N		25	Notas de las asignaturas cursadas del doctorado
19	2015-11-30	\N		24	Actas Comités Curricular TSI
20	2015-11-30	\N		23	Temas, propuestas e informes dinales revisados de los proyectos a cargo. Soportados con los respectivos formatos de evaluacion
21	2015-10-02	2015-10-14	sfh	26	sadfghj
22	2015-10-01	2015-10-09		27	hgfds
15	2015-11-30	\N		21	Artículo para publicación de Computación en la Nube
13	2015-11-30	\N		19	Formatos de asistencia a tutorías
\.


--
-- TOC entry 2059 (class 0 OID 0)
-- Dependencies: 185
-- Name: productos_codproducto_seq; Type: SEQUENCE SET; Schema: public; Owner: postgres
--

SELECT pg_catalog.setval('productos_codproducto_seq', 23, true);


--
-- TOC entry 2031 (class 0 OID 33070)
-- Dependencies: 186
-- Data for Name: tipomodalidades; Type: TABLE DATA; Schema: public; Owner: postgres
--

COPY tipomodalidades (codtipo, nombre) FROM stdin;
1	Docencia
5	Investigación
6	Proyección Social
4	Otros
\.


--
-- TOC entry 2060 (class 0 OID 0)
-- Dependencies: 187
-- Name: tipomodalidades_codtipo_seq; Type: SEQUENCE SET; Schema: public; Owner: postgres
--

SELECT pg_catalog.setval('tipomodalidades_codtipo_seq', 8, true);


--
-- TOC entry 2004 (class 2606 OID 33086)
-- Name: pf_tipo; Type: CONSTRAINT; Schema: public; Owner: postgres; Tablespace: 
--

ALTER TABLE ONLY tipomodalidades
    ADD CONSTRAINT pf_tipo PRIMARY KEY (codtipo);


--
-- TOC entry 1985 (class 2606 OID 33088)
-- Name: pk_act; Type: CONSTRAINT; Schema: public; Owner: postgres; Tablespace: 
--

ALTER TABLE ONLY actividades
    ADD CONSTRAINT pk_act PRIMARY KEY (codactividad);


--
-- TOC entry 1987 (class 2606 OID 33090)
-- Name: pk_clase; Type: CONSTRAINT; Schema: public; Owner: postgres; Tablespace: 
--

ALTER TABLE ONLY clases
    ADD CONSTRAINT pk_clase PRIMARY KEY (codclase);


--
-- TOC entry 1994 (class 2606 OID 33092)
-- Name: pk_codfe; Type: CONSTRAINT; Schema: public; Owner: postgres; Tablespace: 
--

ALTER TABLE ONLY fechaseguimientos
    ADD CONSTRAINT pk_codfe PRIMARY KEY (codfechseg);


--
-- TOC entry 1989 (class 2606 OID 33094)
-- Name: pk_conven; Type: CONSTRAINT; Schema: public; Owner: postgres; Tablespace: 
--

ALTER TABLE ONLY convenciones
    ADD CONSTRAINT pk_conven PRIMARY KEY (codconvencion);


--
-- TOC entry 1991 (class 2606 OID 33096)
-- Name: pk_docentes; Type: CONSTRAINT; Schema: public; Owner: postgres; Tablespace: 
--

ALTER TABLE ONLY docentes
    ADD CONSTRAINT pk_docentes PRIMARY KEY (cedula);


--
-- TOC entry 1996 (class 2606 OID 33098)
-- Name: pk_hora; Type: CONSTRAINT; Schema: public; Owner: postgres; Tablespace: 
--

ALTER TABLE ONLY horas
    ADD CONSTRAINT pk_hora PRIMARY KEY (codhora);


--
-- TOC entry 1998 (class 2606 OID 33100)
-- Name: pk_per; Type: CONSTRAINT; Schema: public; Owner: postgres; Tablespace: 
--

ALTER TABLE ONLY permisos
    ADD CONSTRAINT pk_per PRIMARY KEY (codpermiso);


--
-- TOC entry 2002 (class 2606 OID 33102)
-- Name: pk_prod; Type: CONSTRAINT; Schema: public; Owner: postgres; Tablespace: 
--

ALTER TABLE ONLY productos
    ADD CONSTRAINT pk_prod PRIMARY KEY (codproducto);


--
-- TOC entry 2000 (class 2606 OID 33104)
-- Name: uq_per; Type: CONSTRAINT; Schema: public; Owner: postgres; Tablespace: 
--

ALTER TABLE ONLY permisos
    ADD CONSTRAINT uq_per UNIQUE (usuario);


--
-- TOC entry 1992 (class 1259 OID 33105)
-- Name: fki_fechasseg_actividad; Type: INDEX; Schema: public; Owner: postgres; Tablespace: 
--

CREATE INDEX fki_fechasseg_actividad ON fechaseguimientos USING btree (codact);


--
-- TOC entry 2005 (class 2606 OID 33106)
-- Name: actividades_coddocente_fkey; Type: FK CONSTRAINT; Schema: public; Owner: postgres
--

ALTER TABLE ONLY actividades
    ADD CONSTRAINT actividades_coddocente_fkey FOREIGN KEY (coddocente) REFERENCES docentes(cedula) ON UPDATE CASCADE ON DELETE CASCADE;


--
-- TOC entry 2006 (class 2606 OID 33111)
-- Name: actividades_codtipo_fkey; Type: FK CONSTRAINT; Schema: public; Owner: postgres
--

ALTER TABLE ONLY actividades
    ADD CONSTRAINT actividades_codtipo_fkey FOREIGN KEY (codtipo) REFERENCES tipomodalidades(codtipo) ON UPDATE CASCADE ON DELETE CASCADE;


--
-- TOC entry 2007 (class 2606 OID 33116)
-- Name: cla_codclase_fkey; Type: FK CONSTRAINT; Schema: public; Owner: postgres
--

ALTER TABLE ONLY clases
    ADD CONSTRAINT cla_codclase_fkey FOREIGN KEY (codconvencion) REFERENCES convenciones(codconvencion) ON UPDATE CASCADE ON DELETE CASCADE;


--
-- TOC entry 2008 (class 2606 OID 33131)
-- Name: clases_coddocente_fkey; Type: FK CONSTRAINT; Schema: public; Owner: postgres
--

ALTER TABLE ONLY clases
    ADD CONSTRAINT clases_coddocente_fkey FOREIGN KEY (coddocente) REFERENCES docentes(cedula) ON UPDATE CASCADE;


--
-- TOC entry 2009 (class 2606 OID 33136)
-- Name: evaluacion_coddoc_fkey; Type: FK CONSTRAINT; Schema: public; Owner: postgres
--

ALTER TABLE ONLY evaluaciones
    ADD CONSTRAINT evaluacion_coddoc_fkey FOREIGN KEY (coddoc) REFERENCES docentes(cedula) ON UPDATE CASCADE ON DELETE CASCADE;


--
-- TOC entry 2010 (class 2606 OID 33141)
-- Name: evaluacion_codprod_fkey; Type: FK CONSTRAINT; Schema: public; Owner: postgres
--

ALTER TABLE ONLY evaluaciones
    ADD CONSTRAINT evaluacion_codprod_fkey FOREIGN KEY (codprod) REFERENCES productos(codproducto) ON UPDATE CASCADE ON DELETE CASCADE;


--
-- TOC entry 2011 (class 2606 OID 33146)
-- Name: fk_fechasseg_actividad; Type: FK CONSTRAINT; Schema: public; Owner: postgres
--

ALTER TABLE ONLY fechaseguimientos
    ADD CONSTRAINT fk_fechasseg_actividad FOREIGN KEY (codact) REFERENCES actividades(codactividad) ON UPDATE CASCADE ON DELETE CASCADE;


--
-- TOC entry 2012 (class 2606 OID 33151)
-- Name: productos_codact_fkey; Type: FK CONSTRAINT; Schema: public; Owner: postgres
--

ALTER TABLE ONLY productos
    ADD CONSTRAINT productos_codact_fkey FOREIGN KEY (codact) REFERENCES actividades(codactividad) ON UPDATE CASCADE ON DELETE CASCADE;


--
-- TOC entry 2039 (class 0 OID 0)
-- Dependencies: 6
-- Name: public; Type: ACL; Schema: -; Owner: postgres
--

REVOKE ALL ON SCHEMA public FROM PUBLIC;
REVOKE ALL ON SCHEMA public FROM postgres;
GRANT ALL ON SCHEMA public TO postgres;
GRANT ALL ON SCHEMA public TO PUBLIC;


-- Completed on 2015-11-05 15:42:12

--
-- PostgreSQL database dump complete
--

